username,name,sex,address,mail,id
paulcarey,Melissa Warren,F,"83994 Margaret Underpass Suite 821
New Nathanielfort, PA 78886",gonzalezamanda@gmail.com,325
pamela91,Katherine Smith,F,"USNV Patterson
FPO AP 17886",palmermichael@gmail.com,326
jay43,Albert Johns,M,"01107 Gonzalez Rest Suite 879
Mitchellfurt, VA 36151",colonerin@gmail.com,327
mguerra,Meredith Simmons,F,"70852 Santiago Lane Suite 627
Thompsonchester, MO 38464",carolwright@yahoo.com,328
joseph64,Sandra Torres,F,"11016 Jennifer Lights Apt. 735
Lake Joannmouth, SC 85648",ybrown@gmail.com,329
erikflores,Cynthia King,F,"761 Jacqueline Row
Port Jason, ID 14392",reesejared@yahoo.com,330
jthomas,Richard Cochran,M,"254 James Summit
Richfort, SD 82122",xkelley@hotmail.com,331
castillolisa,Amber Mathews,F,"485 Danny Burg
West Robert, SD 14962",qjordan@yahoo.com,332
ajones,Ashley Smith,F,"944 Wilson Knoll
West Julie, AZ 91233",brobinson@gmail.com,333
yvonnereilly,Karen King,F,"8518 Glenn Centers Suite 939
East Tonyaburgh, OK 37519",jeffrey98@yahoo.com,334
lovedaniel,Lisa Boyd,F,"2671 Parrish Knolls Apt. 089
North Kim, MN 11423",maciasdaniel@gmail.com,335
erika62,Michael Perez,M,"9366 Patel Key
Port Kevinhaven, OR 99679",eric13@hotmail.com,336
dennisoneal,Melissa Irwin,F,"51207 Mccarty Field Suite 736
Williamsstad, CO 44366",hansonjimmy@hotmail.com,337
paulamartinez,Jacqueline Thornton,F,"Unit 7626 Box 6308
DPO AP 30157",pfischer@hotmail.com,338
berryjacqueline,Jeremy Ellis,M,"0602 Jodi Fields Suite 204
North Bobby, NH 14258",william71@gmail.com,339
bushabigail,John Hampton,M,"PSC 5768, Box 1831
APO AP 90437",abaker@yahoo.com,340
griffinjorge,Jordan Peck,F,"696 Jackson Skyway
New Christianchester, ND 80299",denisewilliams@gmail.com,341
dianalopez,Melissa Hensley,F,"40757 Cory Court
Port Wayneland, MT 20245",lawsonjamie@hotmail.com,342
swoods,Charles Scott,M,"6105 Smith Green Apt. 378
Williamsstad, VA 06787",taylormaria@gmail.com,343
christopher99,Justin Reed,M,"56064 Frederick Courts
Richardtown, VT 91269",carlsmith@yahoo.com,344
lopezkevin,David Bell,M,"166 Brian Point Apt. 613
Port Cliffordshire, WY 16722",allenchaney@gmail.com,345
wonganthony,Colleen Evans,F,"39136 Lang Rest Apt. 602
Brycebury, AL 70359",richard23@yahoo.com,346
fhall,Brian Jones,M,"PSC 7205, Box 3967
APO AA 00731",loriward@hotmail.com,347
keithortiz,Lauren Williams,F,"4999 John Meadows
Nancytown, AR 12951",guerraeric@gmail.com,348
jblack,Leroy Garcia,M,"8529 Benjamin Dale Apt. 394
Reynoldsfort, IN 08838",laurieschwartz@hotmail.com,349
patrick83,Joseph Vargas,M,"074 Kelly Ridges
South Kimberly, IA 76200",heatheredwards@hotmail.com,350
luis45,Heather Carroll,F,"00104 Bishop Fords Suite 937
Wardshire, NM 54193",christopher44@yahoo.com,351
zbullock,Michael Thompson,M,"290 Jessica Trail
Elizabethberg, IN 89989",qhernandez@hotmail.com,352
gary10,Christopher Sutton,M,"588 Alexis Club
Hamiltonshire, WA 64166",kmarquez@yahoo.com,353
mosesjordan,Troy Smith,M,"90626 Morgan Point Suite 496
South Saraberg, NV 37619",haydenwilliam@yahoo.com,354
longjames,Robert Hernandez DDS,M,"060 Pacheco Estate
North Cynthia, KY 88196",anthonywilson@yahoo.com,355
cevans,Lori Leon MD,F,"8145 Douglas Land Apt. 388
Houstonmouth, SD 18121",jasonroth@yahoo.com,356
acollins,Michael Campbell,M,"534 Moore Dale
South Bruce, IL 14083",anthonyjimenez@yahoo.com,357
lwagner,Troy Simon,M,"Unit 9457 Box 4009
DPO AA 76149",laramichael@yahoo.com,358
patrickgary,James Liu PhD,M,"76309 Martin Mount Suite 688
Barrettton, AL 54120",jeanne54@yahoo.com,359
jessicareed,Amy Yates,F,"539 Sara Lock
Farleyshire, NY 17240",brett10@gmail.com,360
hhoffman,John Wilson,M,"56402 Tara Pass
Crystalberg, MS 25887",lindsay82@hotmail.com,361
schmidtnathan,Dorothy Kemp,F,"374 William Dale Apt. 623
South Emily, NY 11990",zdrake@gmail.com,362
joshuaramos,Shane Sims,M,"49667 Brown Path Apt. 427
South Rachaelhaven, SC 72910",hernandezantonio@gmail.com,363
tammygomez,Melinda Thompson,F,"96158 Allen Bypass
South Devinberg, NM 20098",michele30@hotmail.com,364
christinemorgan,Claire Miller,F,"689 Price Park
Port Vanessa, SD 65703",adkinsandrew@hotmail.com,365
qkim,Daniel Powers,M,"727 Sanford Stream Apt. 461
North David, OK 77335",iwerner@gmail.com,366
lmiller,Brooke Torres,F,"Unit 2009 Box 2852
DPO AE 76286",jeffrey24@hotmail.com,367
oramos,Tara Green,F,"24319 Crawford Shore
Destinyport, NJ 05299",michaelharvey@hotmail.com,368
tara21,Danielle Hernandez,F,"29605 Santiago Ways Suite 805
Herringtown, MT 14058",rachel39@yahoo.com,369
gonzalezadrian,Chelsea Jones,F,"4268 Sarah Centers Suite 546
New Wendy, NE 55355",nallison@gmail.com,370
jennifer24,Thomas Christian,M,"568 David Canyon Suite 913
Erneststad, DC 19593",christina68@gmail.com,371
tmiles,Mike Vaughn,M,"8417 Joe Circles Apt. 610
Ramoshaven, AL 95776",hallmercedes@yahoo.com,372
janet35,Beverly Alexander,F,"0708 Ashley Fords
Harrisfurt, CT 26122",smithstacey@gmail.com,373
matthew99,Nicholas Merritt,M,"9401 Sean Row
New Jacob, VA 88808",brian98@yahoo.com,374
michelle18,Ethan Young,M,"7602 Lewis Court
West Melissa, OH 05390",myerskim@hotmail.com,375
rgreer,April Lopez,F,"493 Pitts Walks Apt. 032
West Crystal, WI 79324",kristenchristensen@hotmail.com,376
trevormorris,Jeremy Warren,M,"594 William Stravenue
Vargasmouth, HI 63514",tbrown@gmail.com,377
stevenburton,Elizabeth Watson,F,"256 Valenzuela Estates
Martinezbury, GA 47681",david84@gmail.com,378
daniel64,Kristy Clark MD,F,"925 Douglas Glen Suite 036
South Bill, CT 90107",nwelch@gmail.com,379
jefferywhite,Anne Thomas,F,"678 Charles Center
South Shelia, MI 34689",williamsnicole@gmail.com,380
belllisa,Robert Williams,M,"212 Huang Spur Suite 446
Jessicamouth, AK 64571",hcox@hotmail.com,381
xcopeland,Miss Beth Powers,F,"7230 Carpenter Orchard Apt. 911
Roweside, DE 19560",evanslynn@gmail.com,382
jennifer73,Shawn Brown,M,"632 Michelle Pines Suite 047
New Sharonport, OH 30142",audrey60@hotmail.com,383
erin38,Patrick Huber,M,"4536 Wong Hills Apt. 940
Jamesview, AL 18563",brookelevine@hotmail.com,384
jeffrey07,Samuel Stephens,M,"Unit 8101 Box 0181
DPO AA 18764",elliottjessica@gmail.com,385
bwells,Randall West,M,"653 Duke Forest Suite 275
Vazquezport, DE 46633",obrooks@yahoo.com,386
rsolis,Daniel Bennett,M,"65357 Walker Springs Suite 139
Garciamouth, NY 47073",wareashley@yahoo.com,387
josephwilliams,John Combs,M,"587 Wilkinson Flat
Alvaradoton, SC 95427",lisajones@gmail.com,388
castrosuzanne,Ian Simpson MD,M,"698 Walker Branch
Reidborough, IL 80438",teresa62@yahoo.com,389
donovanrichard,Kenneth Vargas,M,"9890 Thomas Forks Suite 496
East Jacob, WA 90117",ysmith@gmail.com,390
vgomez,Frances Cook,F,"29970 Dillon Ports Suite 191
Jenniferbury, TN 98983",murphydaniel@gmail.com,391
mary10,Leslie Farmer,F,"56982 Herrera Passage
Loweshire, FL 25289",blevinscassidy@hotmail.com,392
hallamanda,Gregory Price,M,"039 Benjamin Hill
North Sonya, VA 85914",denisesolis@yahoo.com,393
meyerdaniel,John Lopez,M,"3885 Abigail Forest Suite 977
Shannonstad, MT 10473",butlerdavid@gmail.com,394
jweber,Jessica Anderson,F,"7235 Amanda Lake
Clarkview, NC 01896",jevans@yahoo.com,395
christinacooper,Lucas Davidson DVM,M,"098 Vang Stravenue
Codyburgh, RI 99648",jessicarodriguez@gmail.com,396
idavis,Laura Price,F,"31422 Mcdonald Village
Josephton, KY 80270",russell19@gmail.com,397
dortiz,Candace Boyd,F,"0899 West Trafficway Apt. 951
Crawfordshire, MO 93745",victoriareynolds@yahoo.com,398
megan78,Cheryl Jones,F,"7690 Adam Mall
Richardside, MT 62650",jonathon85@gmail.com,399
gonzalezjared,Jennifer Griffith,F,"28946 Christine Spring Suite 483
East Anthony, ID 58452",severett@hotmail.com,400
carolyn33,Amanda Martinez,F,"1344 Cameron Orchard Suite 405
North Monica, WI 58949",zrodriguez@yahoo.com,401
brianna45,Peter James MD,M,"544 Franklin Creek
Lake Davidfort, ME 64563",calvin45@hotmail.com,402
monica29,Sharon Adkins,F,"5370 Norma Branch
Wesleyberg, NC 20774",atkinskimberly@gmail.com,403
thomasedward,Diana Gray,F,"6673 Madison Avenue Suite 944
South Johnland, ME 94721",sanchezjoseph@yahoo.com,404
amberking,Kevin Moore,M,"6453 Jennifer Inlet Apt. 099
Matthewberg, PA 96637",christopher27@hotmail.com,405
taylor60,Victoria Morris,F,"747 Tony Throughway
Kimport, VA 95236",lisaholloway@gmail.com,406
jcox,Joshua Underwood,M,"01700 Nixon Falls Suite 523
Taylorchester, CT 93709",corygillespie@gmail.com,407
swilson,Kimberly Cooper,F,"4612 Lane Neck Suite 958
South Rebeccafort, MO 63537",gshort@yahoo.com,408
caroline79,Jessica Rivera,F,"4275 Tyrone Cliff
North Samuelberg, MT 96493",dennisbishop@yahoo.com,409
stephen67,Brent Davis,M,"845 Margaret Ferry
East Haley, NE 94650",annette22@hotmail.com,410
dwilson,Frank Brown,M,"197 Danielle Terrace Apt. 204
Port Daniel, IL 44816",clarkalicia@gmail.com,411
younglisa,Sophia Copeland,F,"9122 Wagner Stream Apt. 840
Travishaven, UT 92949",vsanchez@yahoo.com,412
shawdeanna,Nathaniel Phillips,M,"3783 Allen Extension Suite 684
West Katherineborough, AL 74802",sandraramirez@gmail.com,413
ashleyowen,Levi Torres,M,"USCGC Thomas
FPO AA 22734",jamesmolina@yahoo.com,414
betty82,Michael Carter,M,"94517 Peter Hills Apt. 668
North Lorifort, RI 55284",claytoncheryl@yahoo.com,415
freemanmichelle,Louis Shepherd,M,"226 Damon Manor Suite 451
New Travis, CA 68286",duartekaren@yahoo.com,416
laura23,Keith Baldwin,M,"5692 David Ways
Kellymouth, UT 58210",williamsrichard@gmail.com,417
phelpsmegan,Samantha Haley,F,"USCGC Butler
FPO AA 04227",warddavid@yahoo.com,418
jacksonryan,Barbara Jackson,F,"8700 Sonya Tunnel
Maldonadochester, FL 18013",austin04@gmail.com,419
bwalker,Susan Diaz,F,"73926 David Spring
East Manuelville, MO 33062",rebecca41@hotmail.com,420
dmason,William Thomas,M,"948 Lee Loaf
New Shaneberg, AK 98435",strongrebecca@yahoo.com,421
wwagner,Elizabeth Williams,F,"7615 Carpenter Unions Suite 653
West Samuel, FL 81915",amyparker@gmail.com,422
melissa81,William Lee,M,"30935 Chris Landing
West Kristinmouth, ME 61001",angela45@hotmail.com,423
jmclaughlin,Mark Glenn,M,"USNS Garcia
FPO AP 05812",barberjohn@yahoo.com,424
